campaign_type,tone,platform,topic,audience,language,generated_content
social_media,casual,LinkedIn,leadership webinar,young professionals,English,Did you know that 85% of employees are more motivated by a strong leader? Join our Leadership Webinar to unlock your full potential and inspire your team. Register now and lead with confidence! #LeadershipWebinar #UnlockYourPotential #InspireOthers
social_media,casual,LinkedIn,leadership webinar,young professionals,English,Did you know that 70% of employees say good leadership is the key to retention? Join our upcoming leadership webinar to unlock your full potential and inspire your team. Register now to lead with confidence! #LeadershipWebinar #ProfessionalDevelopment #LeadWithPurpose
social_media,casual,LinkedIn,leadership webinar,young professionals,English,Did you know that 70% of employees quit their jobs due to poor leadership? Join our leadership webinar to learn how to inspire and empower your team. Register now and #LeadWithPurpose! #LeadershipDevelopment #WebinarWednesday
email_marketing,casual,LinkedIn,leadership webinar,young professionals,English,"Subject: Elevate Your Career Now!

Hey [Name],

Ready to supercharge your career? Join our exclusive leadership webinar designed just for young professionals like you...

Learn essential leadership skills to advance your career and stand out in today's competitive job market...

Don't miss this opportunity to boost your career growth. Register now and secure your spot!

Best regards,
[Your Name]

P.S. Click here to reserve your spot: [Webinar Link]"
email_marketing,casual,LinkedIn,leadership webinar,young professionals,English,"Subject: Elevate Your Career with Our Leadership Webinar!

Hey [Name],

Looking to boost your career prospects? Join our leadership webinar designed for young professionals like you. Learn essential skills to stand out in today's competitive job market.

In this webinar, you'll gain insights on effective communication strategies and proven leadership techniques that will help you excel in your career journey.

Don't miss this opportunity to invest in your future! Register now and take the first step towards becoming a successful leader.

Best regards,
[Your Name]

P.S. Click here to secure your spot and unlock your leadership potential: [Webinar Registration Link]"
email_marketing,casual,LinkedIn,leadership webinar,young professionals,English,"Subject: Elevate Your Career: Leadership Webinar Inside!

Hey [Name],

Ready to take your career to new heights? Join our leadership webinar designed for young professionals like you...

Gain valuable insights on effective leadership strategies from industry experts and learn how to develop key skills that will set you apart in your career journey...

Don't miss out on this opportunity to grow professionally! Register now and secure your spot for the webinar.

Best regards,
[Your Name]

P.S. Remember to click here to register and secure your spot: [Webinar Registration Link]"
ppc_ads,casual,LinkedIn,leadership webinar,young professionals,English,ðŸŒŸ Master Leadership Skills ðŸŒŸ Join our webinar to level up your leadership game. Register now!
ppc_ads,casual,LinkedIn,leadership webinar,young professionals,English,ðŸŒŸ Master Leadership: Join our webinar! Elevate your skills & lead with confidence. Register now!
ppc_ads,casual,LinkedIn,leadership webinar,young professionals,English,ðŸŒŸ Master Leadership ðŸ’¼ Elevate your skills with our free webinar. Join now!
content_marketing,casual,LinkedIn,leadership webinar,young professionals,English,"""Did you know that 87% of young professionals believe strong leadership is essential for business success? ðŸš€ Join our upcoming webinar to discover the top leadership secrets for the next generation:
- Effective communication strategies
- Building a strong team culture
- Navigating challenges with resilience
Ready to unlock your leadership potential? Let's dive in!"""
content_marketing,casual,LinkedIn,leadership webinar,young professionals,English,"""Did you know that 87% of young professionals believe strong leadership is crucial for business success? Get ready to level up your leadership skills with our upcoming webinar! In this session, we'll cover:
- Building a personal brand as a leader
- Effective communication strategies
- Navigating challenges in the workplace
Ready to become the leader you aspire to be? Let's dive in!"""
content_marketing,casual,LinkedIn,leadership webinar,young professionals,English,"Ever wondered what sets great leaders apart? Did you know that 85% of young professionals believe leadership skills are crucial for career success? Join our webinar to discover:
- The power of effective communication
- Strategies for building strong teams
- Tips for personal growth and development. Ready to unlock your leadership potential? Let's dive in!"
customer_retention,casual,LinkedIn,leadership webinar,young professionals,English,Hey there! ðŸŒŸ Remember when you joined our leadership webinar? We loved having you there! Here's an exclusive 20% off to join our upcoming session. Ready to level up your leadership skills? Sign up now and let's grow together!
customer_retention,casual,LinkedIn,leadership webinar,young professionals,English,"Hey there! ðŸŒŸ We loved having you at our leadership webinar before. As a thank you, here's an exclusive 20% off to join our next session. Ready to level up your leadership skills? Simply click the link to reserve your spot!"
customer_retention,casual,LinkedIn,leadership webinar,young professionals,English,"Hey there, Leadership Champion! ðŸŒŸ We loved having you at our past webinars. As a thank you, enjoy an exclusive 20% off for our upcoming leadership session. Let's continue growing togetherâ€”secure your spot now!"
seasonal_campaigns,casual,LinkedIn,leadership webinar,young professionals,English,Season's Greetings! ðŸŒŸ Elevate your leadership skills this season with our exclusive webinar. Don't miss our special early bird discount - sign up now! #LeadWithConfidence
seasonal_campaigns,casual,LinkedIn,leadership webinar,young professionals,English,"Season's Greetings, LinkedIn fam! Elevate your leadership skills this season with our exclusive webinar. Unwrap the gift of knowledge and save 20% with code LEADERSHIP20. #LeadWithConfidence ðŸŒŸ #Webinar #HolidayOffer"
seasonal_campaigns,casual,LinkedIn,leadership webinar,young professionals,English,"Season's Greetings, Leaders! ðŸŒŸ Elevate your leadership skills this season with our exclusive webinar. Register now to unlock a special early bird discount! #LeadWithConfidence"
product_launch,casual,LinkedIn,leadership webinar,young professionals,English,"ðŸš€ Elevate your leadership skills! ðŸš€ Join our exclusive webinar to learn effective communication strategies, cultivate a growth mindset, and lead with empathy. Ready to level up? Register now: <registration_link>"
product_launch,casual,LinkedIn,leadership webinar,young professionals,English,"ðŸŒŸ Elevate Your Leadership Skills! ðŸš€ Join our exclusive webinar to learn cutting-edge leadership strategies, hosted by industry experts. Gain valuable insights on effective communication, strategic decision-making, and team empowerment. Ready to unlock your full leadership potential? Register now: <registration_link>"
product_launch,casual,LinkedIn,leadership webinar,young professionals,English,"ðŸš€ Elevate Your Leadership Skills! ðŸš€ Join our exclusive webinar to learn actionable strategies from top industry experts. Uncover the secrets to effective team communication, strategic decision-making, and inspirational leadership. Ready to level up? Register now: <registration_link>"
crisis_management,casual,LinkedIn,leadership webinar,young professionals,English,"We regret the technical difficulties during our leadership webinar. We understand your frustration and are actively addressing the issue. Rest assured, we are dedicated to delivering a seamless experience for our valued audience."
crisis_management,casual,LinkedIn,leadership webinar,young professionals,English,We regret to inform you that today's leadership webinar has been postponed due to technical difficulties. We understand the inconvenience and are rescheduling the session for next week to ensure a seamless experience. Thank you for your understanding and continued support as we strive to deliver valuable content to our community.
crisis_management,casual,LinkedIn,leadership webinar,young professionals,English,"We understand the frustration caused by the technical difficulties during our leadership webinar. We sincerely apologize for any inconvenience and are actively working to resolve the issue. Rest assured, we are committed to delivering a seamless experience for our audience."
